{
  "axes": [
    "brightness",
    "contrast"
  ],
  "monte_carlo": {
    "confidence": {
      "max": 0.80611376,
      "mean": 0.80611376,
      "min": 0.80611376,
      "std": 0.0,
      "variance": 0.0
    },
    "entropy": {
      "max": 4.99646272,
      "mean": 4.99646272,
      "min": 4.99646272,
      "std": 0.0,
      "variance": 0.0
    },
    "n_samples": 12,
    "seeds": [
      42,
      123
    ]
  },
  "total_runs": 12
}